class_f,n,length
Very Likely Altered,1007,329962.394322525
Likely Altered,23780,332392.6607747291
Possibly Altered,111807,780614.738944702
Likely Unaltered,2014,1761.98525618
