class_f,n,length
Very Likely Altered,10553,789996.5484579816
Likely Altered,16462,425869.1430855826
Possibly Altered,23285,584480.732256257
Likely Unaltered,88308,1358348.3821555804
