class_f,n,length
Very Likely Altered,4546,360956.0703244039
Likely Altered,23753,506389.6504251882
Possibly Altered,49323,616771.8107369096
Likely Unaltered,60986,484671.9317295946
