class_f,n,length
Very Likely Altered,17504,88193.279986504
Likely Altered,17383,75428.696724868
Possibly Altered,103717,91560.442864496
Likely Unaltered,4,0
