class_f,n,length
Degraded,35016,923859.7348821899
Intact,103592,1008219.8951626006
