class_f,n,length
Degraded,2853,362009.1249276831
Intact,135755,1064569.6063422605
