class_f,n,length
Degraded,20635,542958.6006987181
Intact,117973,883620.1305712257
