class_f,n,length
Degraded,24558,1239498.392198261
Intact,114050,1895146.5894703157
